id,amount,category,description,date
EXP000000,70.47,Education,Expense 0 - Lunch,2023-09-02
EXP000001,210.95,Bills,Expense 1 - Lunch,2023-08-22
EXP000002,81.23,Education,Expense 2 - Lunch,2023-11-19
EXP000003,325.45,Food,Expense 3 - Lunch,2023-01-15
EXP000004,490.04,Education,Expense 4 - Movie,2023-09-02
EXP000005,371.85,Travel,Expense 5 - Flight,2023-01-14
EXP000006,437.13,Food,Expense 6 - Flight,2023-06-06
EXP000007,257.88,Shopping,Expense 7 - Gas,2023-08-25
EXP000008,464.49,Shopping,Expense 8 - Flight,2023-07-29
EXP000009,32.3,Education,Expense 9 - Movie,2023-05-18
EXP000010,325.27,Food,Expense 10 - Books,2023-11-12
EXP000011,426.57,Transportation,Expense 11 - Books,2023-11-10
EXP000012,340.58,Bills,Expense 12 - Gas,2023-08-30
EXP000013,382.8,Shopping,Expense 13 - Groceries,2023-06-26
EXP000014,83.63,Transportation,Expense 14 - Movie,2023-04-05
EXP000015,223.87,Education,Expense 15 - Electricity,2023-03-16
EXP000016,36.71,Transportation,Expense 16 - Books,2023-05-07
EXP000017,317.96,Shopping,Expense 17 - Movie,2023-04-17
EXP000018,100.89,Transportation,Expense 18 - Medicine,2023-06-29
EXP000019,81.46,Healthcare,Expense 19 - Lunch,2023-07-07
EXP000020,216.31,Healthcare,Expense 20 - Gas,2023-07-19
EXP000021,189.9,Shopping,Expense 21 - Lunch,2023-08-16
EXP000022,173.76,Bills,Expense 22 - Books,2023-05-05
EXP000023,402.35,Bills,Expense 23 - Medicine,2023-06-25
EXP000024,295.88,Bills,Expense 24 - Medicine,2023-08-18
EXP000025,34.12,Shopping,Expense 25 - Electricity,2023-10-10
EXP000026,93.92,Healthcare,Expense 26 - Electricity,2023-05-05
EXP000027,239.0,Shopping,Expense 27 - Gas,2023-07-30
EXP000028,358.35,Entertainment,Expense 28 - Gas,2023-06-21
EXP000029,19.38,Bills,Expense 29 - Movie,2023-12-26
EXP000030,406.9,Bills,Expense 30 - Flight,2023-11-16
EXP000031,201.66,Entertainment,Expense 31 - Lunch,2023-01-10
EXP000032,127.81,Healthcare,Expense 32 - Books,2023-10-23
EXP000033,206.57,Food,Expense 33 - Groceries,2023-03-14
EXP000034,199.59,Food,Expense 34 - Medicine,2023-10-23
EXP000035,178.27,Transportation,Expense 35 - Medicine,2023-05-24
EXP000036,443.06,Entertainment,Expense 36 - Medicine,2023-05-06
EXP000037,425.01,Food,Expense 37 - Medicine,2023-06-01
EXP000038,86.56,Education,Expense 38 - Electricity,2023-07-08
EXP000039,314.9,Travel,Expense 39 - Gas,2023-10-14
EXP000040,263.63,Food,Expense 40 - Books,2023-04-19
EXP000041,94.41,Education,Expense 41 - Medicine,2023-06-16
EXP000042,332.77,Shopping,Expense 42 - Gas,2023-11-29
EXP000043,351.63,Food,Expense 43 - Medicine,2023-09-07
EXP000044,262.38,Bills,Expense 44 - Electricity,2023-12-19
EXP000045,475.6,Education,Expense 45 - Lunch,2023-08-30
EXP000046,427.51,Travel,Expense 46 - Flight,2023-12-14
EXP000047,251.23,Healthcare,Expense 47 - Books,2023-02-23
EXP000048,141.32,Healthcare,Expense 48 - Gas,2023-08-15
EXP000049,436.01,Entertainment,Expense 49 - Movie,2023-01-21
EXP000050,273.55,Entertainment,Expense 50 - Movie,2023-06-26
EXP000051,173.58,Entertainment,Expense 51 - Gas,2023-09-11
EXP000052,468.7,Bills,Expense 52 - Flight,2023-06-09
EXP000053,48.92,Shopping,Expense 53 - Lunch,2023-05-27
EXP000054,478.65,Transportation,Expense 54 - Flight,2023-07-07
EXP000055,333.1,Education,Expense 55 - Gas,2023-08-21
EXP000056,44.38,Bills,Expense 56 - Medicine,2023-10-31
EXP000057,392.45,Travel,Expense 57 - Groceries,2023-04-28
EXP000058,355.08,Transportation,Expense 58 - Movie,2023-07-02
EXP000059,289.31,Shopping,Expense 59 - Electricity,2023-10-22
EXP000060,166.2,Transportation,Expense 60 - Gas,2023-12-20
EXP000061,199.12,Healthcare,Expense 61 - Gas,2023-05-01
EXP000062,120.36,Shopping,Expense 62 - Gas,2023-11-14
EXP000063,372.18,Healthcare,Expense 63 - Books,2023-02-16
EXP000064,16.45,Entertainment,Expense 64 - Groceries,2023-03-06
EXP000065,132.12,Education,Expense 65 - Groceries,2023-02-04
EXP000066,473.37,Travel,Expense 66 - Medicine,2023-07-19
EXP000067,340.4,Education,Expense 67 - Movie,2023-02-12
EXP000068,104.44,Travel,Expense 68 - Electricity,2023-01-29
EXP000069,235.62,Food,Expense 69 - Lunch,2023-02-03
EXP000070,292.85,Transportation,Expense 70 - Gas,2023-08-19
EXP000071,494.07,Entertainment,Expense 71 - Medicine,2023-11-05
EXP000072,462.21,Shopping,Expense 72 - Movie,2023-04-24
EXP000073,225.53,Entertainment,Expense 73 - Books,2023-04-09
EXP000074,384.34,Bills,Expense 74 - Gas,2023-02-12
EXP000075,80.82,Education,Expense 75 - Medicine,2023-02-12
EXP000076,267.91,Travel,Expense 76 - Gas,2023-06-29
EXP000077,326.27,Shopping,Expense 77 - Gas,2023-03-04
EXP000078,369.92,Healthcare,Expense 78 - Flight,2023-02-10
EXP000079,97.33,Bills,Expense 79 - Electricity,2023-10-29
EXP000080,246.02,Shopping,Expense 80 - Groceries,2023-04-24
EXP000081,369.1,Food,Expense 81 - Flight,2023-01-06
EXP000082,106.77,Food,Expense 82 - Movie,2023-06-11
EXP000083,180.3,Travel,Expense 83 - Lunch,2023-07-19
EXP000084,455.51,Entertainment,Expense 84 - Movie,2023-11-09
EXP000085,118.19,Transportation,Expense 85 - Movie,2023-12-22
EXP000086,149.17,Education,Expense 86 - Flight,2023-08-12
EXP000087,392.45,Entertainment,Expense 87 - Flight,2023-05-30
EXP000088,261.34,Shopping,Expense 88 - Electricity,2023-11-26
EXP000089,150.19,Food,Expense 89 - Movie,2023-04-04
EXP000090,71.99,Travel,Expense 90 - Medicine,2023-05-30
EXP000091,49.32,Shopping,Expense 91 - Movie,2023-03-15
EXP000092,485.71,Travel,Expense 92 - Flight,2023-04-04
EXP000093,473.15,Healthcare,Expense 93 - Lunch,2023-12-19
EXP000094,262.73,Education,Expense 94 - Medicine,2023-01-20
EXP000095,439.39,Entertainment,Expense 95 - Lunch,2023-07-14
EXP000096,109.33,Transportation,Expense 96 - Books,2023-05-17
EXP000097,218.98,Bills,Expense 97 - Movie,2023-07-20
EXP000098,463.88,Bills,Expense 98 - Lunch,2023-03-15
EXP000099,59.64,Bills,Expense 99 - Flight,2023-05-26
EXP000100,262.81,Transportation,Expense 100 - Medicine,2023-09-02
EXP000101,336.8,Transportation,Expense 101 - Flight,2023-03-21
EXP000102,151.76,Bills,Expense 102 - Flight,2023-04-02
EXP000103,439.55,Entertainment,Expense 103 - Gas,2023-04-07
EXP000104,377.83,Food,Expense 104 - Groceries,2023-03-22
EXP000105,281.29,Bills,Expense 105 - Lunch,2023-12-14
EXP000106,342.86,Bills,Expense 106 - Movie,2023-12-25
EXP000107,311.09,Education,Expense 107 - Flight,2023-12-17
EXP000108,462.62,Education,Expense 108 - Movie,2023-09-13
EXP000109,118.92,Education,Expense 109 - Lunch,2023-02-13
EXP000110,54.74,Bills,Expense 110 - Electricity,2023-11-02
EXP000111,192.05,Shopping,Expense 111 - Books,2023-07-30
EXP000112,164.37,Food,Expense 112 - Medicine,2023-02-03
EXP000113,486.63,Travel,Expense 113 - Gas,2023-06-11
EXP000114,277.85,Entertainment,Expense 114 - Flight,2023-09-21
EXP000115,465.55,Food,Expense 115 - Medicine,2023-02-04
EXP000116,181.49,Bills,Expense 116 - Gas,2023-08-23
EXP000117,163.76,Healthcare,Expense 117 - Electricity,2023-09-28
EXP000118,349.04,Travel,Expense 118 - Groceries,2023-07-13
EXP000119,161.36,Bills,Expense 119 - Lunch,2023-06-06
EXP000120,52.54,Shopping,Expense 120 - Lunch,2023-02-25
EXP000121,448.22,Education,Expense 121 - Movie,2023-08-28
EXP000122,308.24,Healthcare,Expense 122 - Flight,2023-04-05
EXP000123,125.81,Shopping,Expense 123 - Gas,2023-10-17
EXP000124,485.62,Healthcare,Expense 124 - Medicine,2023-06-27
EXP000125,264.84,Healthcare,Expense 125 - Medicine,2023-08-05
EXP000126,362.22,Healthcare,Expense 126 - Lunch,2023-04-27
EXP000127,319.33,Travel,Expense 127 - Lunch,2023-06-16
EXP000128,453.66,Travel,Expense 128 - Movie,2023-02-21
EXP000129,204.59,Travel,Expense 129 - Lunch,2023-07-16
EXP000130,130.69,Healthcare,Expense 130 - Lunch,2023-01-14
EXP000131,115.31,Bills,Expense 131 - Electricity,2023-11-08
EXP000132,217.03,Entertainment,Expense 132 - Flight,2023-11-05
EXP000133,472.62,Travel,Expense 133 - Medicine,2023-01-15
EXP000134,201.75,Healthcare,Expense 134 - Books,2023-10-25
EXP000135,437.51,Travel,Expense 135 - Movie,2023-06-28
EXP000136,241.85,Food,Expense 136 - Flight,2023-06-26
EXP000137,74.34,Transportation,Expense 137 - Groceries,2023-12-09
EXP000138,459.08,Transportation,Expense 138 - Medicine,2023-01-22
EXP000139,37.03,Transportation,Expense 139 - Lunch,2023-08-25
EXP000140,61.27,Bills,Expense 140 - Movie,2023-03-31
EXP000141,494.33,Shopping,Expense 141 - Gas,2023-06-30
EXP000142,399.61,Shopping,Expense 142 - Gas,2023-04-15
EXP000143,239.81,Entertainment,Expense 143 - Movie,2023-11-15
EXP000144,404.28,Food,Expense 144 - Lunch,2023-04-16
EXP000145,158.4,Entertainment,Expense 145 - Flight,2023-07-17
EXP000146,101.09,Transportation,Expense 146 - Gas,2023-02-15
EXP000147,35.24,Food,Expense 147 - Electricity,2023-06-25
EXP000148,129.05,Travel,Expense 148 - Movie,2023-01-23
EXP000149,435.99,Shopping,Expense 149 - Movie,2023-08-03
EXP000150,25.76,Entertainment,Expense 150 - Groceries,2023-04-20
EXP000151,52.82,Travel,Expense 151 - Groceries,2023-09-23
EXP000152,26.28,Bills,Expense 152 - Books,2023-03-09
EXP000153,12.82,Bills,Expense 153 - Gas,2023-10-25
EXP000154,258.41,Transportation,Expense 154 - Flight,2023-01-17
EXP000155,460.41,Transportation,Expense 155 - Gas,2023-02-20
EXP000156,358.23,Entertainment,Expense 156 - Medicine,2023-09-13
EXP000157,91.49,Transportation,Expense 157 - Books,2023-04-25
EXP000158,253.9,Healthcare,Expense 158 - Movie,2023-01-16
EXP000159,116.5,Shopping,Expense 159 - Medicine,2023-12-06
EXP000160,364.74,Education,Expense 160 - Gas,2023-01-29
EXP000161,447.02,Transportation,Expense 161 - Movie,2023-11-11
EXP000162,299.0,Transportation,Expense 162 - Books,2023-04-27
EXP000163,331.65,Entertainment,Expense 163 - Gas,2023-11-14
EXP000164,108.91,Healthcare,Expense 164 - Groceries,2023-01-22
EXP000165,481.02,Food,Expense 165 - Medicine,2023-10-14
EXP000166,250.58,Entertainment,Expense 166 - Groceries,2023-08-29
EXP000167,323.73,Education,Expense 167 - Groceries,2023-10-27
EXP000168,303.98,Food,Expense 168 - Flight,2023-05-22
EXP000169,359.9,Bills,Expense 169 - Medicine,2023-08-27
EXP000170,329.35,Food,Expense 170 - Flight,2023-07-31
EXP000171,140.24,Bills,Expense 171 - Flight,2023-11-20
EXP000172,433.56,Food,Expense 172 - Medicine,2023-08-29
EXP000173,276.82,Transportation,Expense 173 - Groceries,2023-06-24
EXP000174,216.92,Healthcare,Expense 174 - Electricity,2023-08-08
EXP000175,263.63,Entertainment,Expense 175 - Books,2023-08-09
EXP000176,493.06,Shopping,Expense 176 - Flight,2023-06-27
EXP000177,452.43,Education,Expense 177 - Lunch,2023-02-12
EXP000178,457.54,Healthcare,Expense 178 - Gas,2023-04-05
EXP000179,176.5,Bills,Expense 179 - Groceries,2023-04-23
EXP000180,42.99,Transportation,Expense 180 - Flight,2023-02-10
EXP000181,481.98,Education,Expense 181 - Gas,2023-08-02
EXP000182,419.23,Bills,Expense 182 - Medicine,2023-09-22
EXP000183,351.49,Education,Expense 183 - Flight,2023-12-29
EXP000184,375.61,Entertainment,Expense 184 - Gas,2023-12-06
EXP000185,491.04,Education,Expense 185 - Flight,2023-03-29
EXP000186,326.06,Travel,Expense 186 - Books,2023-01-23
EXP000187,178.93,Education,Expense 187 - Movie,2023-10-21
EXP000188,107.38,Healthcare,Expense 188 - Medicine,2023-01-22
EXP000189,203.79,Entertainment,Expense 189 - Gas,2023-05-15
EXP000190,98.13,Entertainment,Expense 190 - Lunch,2023-04-03
EXP000191,315.84,Transportation,Expense 191 - Medicine,2023-11-30
EXP000192,191.49,Shopping,Expense 192 - Movie,2023-02-24
EXP000193,419.01,Shopping,Expense 193 - Groceries,2023-08-19
EXP000194,347.98,Transportation,Expense 194 - Groceries,2023-03-10
EXP000195,292.61,Education,Expense 195 - Gas,2023-10-09
EXP000196,221.79,Transportation,Expense 196 - Groceries,2023-10-30
EXP000197,491.78,Bills,Expense 197 - Movie,2023-08-24
EXP000198,214.41,Shopping,Expense 198 - Gas,2023-08-22
EXP000199,176.33,Travel,Expense 199 - Books,2023-10-21
EXP000200,288.65,Transportation,Expense 200 - Electricity,2023-01-26
EXP000201,433.83,Food,Expense 201 - Medicine,2023-06-26
EXP000202,260.49,Education,Expense 202 - Movie,2023-01-11
EXP000203,482.6,Food,Expense 203 - Flight,2023-07-02
EXP000204,221.17,Shopping,Expense 204 - Books,2023-02-27
EXP000205,298.29,Bills,Expense 205 - Electricity,2023-07-05
EXP000206,69.92,Bills,Expense 206 - Gas,2023-06-26
EXP000207,31.12,Travel,Expense 207 - Medicine,2023-09-27
EXP000208,287.0,Education,Expense 208 - Medicine,2023-01-29
EXP000209,289.56,Travel,Expense 209 - Lunch,2023-09-05
EXP000210,460.73,Travel,Expense 210 - Movie,2023-12-30
EXP000211,100.21,Travel,Expense 211 - Books,2023-08-12
EXP000212,231.19,Transportation,Expense 212 - Lunch,2023-09-19
EXP000213,38.69,Bills,Expense 213 - Medicine,2023-04-12
EXP000214,115.69,Education,Expense 214 - Electricity,2023-12-14
EXP000215,438.62,Education,Expense 215 - Gas,2023-11-10
EXP000216,53.23,Education,Expense 216 - Books,2023-06-11
EXP000217,497.47,Shopping,Expense 217 - Gas,2023-12-11
EXP000218,287.63,Transportation,Expense 218 - Electricity,2023-09-16
EXP000219,497.25,Education,Expense 219 - Books,2023-01-16
EXP000220,234.37,Entertainment,Expense 220 - Books,2023-06-02
EXP000221,81.52,Transportation,Expense 221 - Movie,2023-11-22
EXP000222,361.62,Healthcare,Expense 222 - Lunch,2023-07-01
EXP000223,6.33,Healthcare,Expense 223 - Electricity,2023-05-26
EXP000224,47.43,Transportation,Expense 224 - Flight,2023-11-13
EXP000225,107.33,Transportation,Expense 225 - Gas,2023-02-02
EXP000226,405.34,Transportation,Expense 226 - Gas,2023-12-24
EXP000227,16.44,Travel,Expense 227 - Medicine,2023-04-27
EXP000228,180.8,Travel,Expense 228 - Lunch,2023-02-01
EXP000229,327.08,Entertainment,Expense 229 - Electricity,2023-01-06
EXP000230,493.02,Education,Expense 230 - Gas,2023-07-26
EXP000231,423.81,Food,Expense 231 - Gas,2023-08-03
EXP000232,35.3,Healthcare,Expense 232 - Movie,2023-11-07
EXP000233,49.31,Shopping,Expense 233 - Groceries,2023-03-24
EXP000234,475.58,Bills,Expense 234 - Movie,2023-04-24
EXP000235,339.54,Education,Expense 235 - Movie,2023-10-17
EXP000236,270.01,Shopping,Expense 236 - Gas,2023-02-07
EXP000237,177.24,Shopping,Expense 237 - Medicine,2023-08-05
EXP000238,439.86,Shopping,Expense 238 - Medicine,2023-12-02
EXP000239,393.11,Food,Expense 239 - Flight,2023-06-15
EXP000240,166.35,Food,Expense 240 - Lunch,2023-02-20
EXP000241,19.99,Healthcare,Expense 241 - Gas,2023-02-06
EXP000242,23.07,Travel,Expense 242 - Groceries,2023-09-25
EXP000243,419.04,Food,Expense 243 - Flight,2023-04-30
EXP000244,45.99,Food,Expense 244 - Flight,2023-02-22
EXP000245,20.79,Transportation,Expense 245 - Books,2023-08-27
EXP000246,420.25,Shopping,Expense 246 - Gas,2023-12-16
EXP000247,146.92,Bills,Expense 247 - Medicine,2023-05-14
EXP000248,48.77,Shopping,Expense 248 - Books,2023-10-17
EXP000249,241.91,Food,Expense 249 - Gas,2023-03-23
EXP000250,288.52,Healthcare,Expense 250 - Gas,2023-03-11
EXP000251,36.94,Food,Expense 251 - Electricity,2023-05-24
EXP000252,304.71,Entertainment,Expense 252 - Lunch,2023-05-14
EXP000253,86.85,Healthcare,Expense 253 - Medicine,2023-11-17
EXP000254,326.63,Travel,Expense 254 - Electricity,2023-04-13
EXP000255,338.8,Bills,Expense 255 - Books,2023-01-29
EXP000256,99.36,Shopping,Expense 256 - Groceries,2023-07-10
EXP000257,417.3,Healthcare,Expense 257 - Groceries,2023-10-04
EXP000258,172.71,Entertainment,Expense 258 - Groceries,2023-03-27
EXP000259,282.23,Bills,Expense 259 - Groceries,2023-08-20
EXP000260,265.89,Food,Expense 260 - Movie,2023-11-09
EXP000261,205.16,Shopping,Expense 261 - Flight,2023-02-16
EXP000262,479.27,Education,Expense 262 - Movie,2023-10-10
EXP000263,39.47,Education,Expense 263 - Books,2023-10-12
EXP000264,429.1,Travel,Expense 264 - Lunch,2023-06-02
EXP000265,95.54,Transportation,Expense 265 - Movie,2023-01-17
EXP000266,468.73,Travel,Expense 266 - Flight,2023-05-11
EXP000267,406.55,Bills,Expense 267 - Books,2023-11-14
EXP000268,493.08,Shopping,Expense 268 - Groceries,2023-09-11
EXP000269,246.59,Bills,Expense 269 - Books,2023-08-11
EXP000270,228.55,Education,Expense 270 - Electricity,2023-11-16
EXP000271,367.63,Food,Expense 271 - Medicine,2023-11-03
EXP000272,216.45,Entertainment,Expense 272 - Gas,2023-09-22
EXP000273,482.82,Education,Expense 273 - Groceries,2023-01-31
EXP000274,45.61,Healthcare,Expense 274 - Medicine,2023-10-03
EXP000275,284.65,Bills,Expense 275 - Gas,2023-10-03
EXP000276,244.54,Transportation,Expense 276 - Lunch,2023-05-25
EXP000277,90.86,Food,Expense 277 - Medicine,2023-12-30
EXP000278,220.77,Healthcare,Expense 278 - Books,2023-01-19
EXP000279,437.07,Healthcare,Expense 279 - Electricity,2023-01-10
EXP000280,419.54,Travel,Expense 280 - Electricity,2023-01-01
EXP000281,44.92,Shopping,Expense 281 - Medicine,2023-03-18
EXP000282,120.63,Shopping,Expense 282 - Books,2023-03-02
EXP000283,472.89,Education,Expense 283 - Books,2023-03-04
EXP000284,391.07,Education,Expense 284 - Gas,2023-09-10
EXP000285,48.78,Education,Expense 285 - Electricity,2023-08-01
EXP000286,80.18,Transportation,Expense 286 - Electricity,2023-12-08
EXP000287,261.12,Food,Expense 287 - Movie,2023-09-21
EXP000288,88.49,Shopping,Expense 288 - Groceries,2023-12-11
EXP000289,414.42,Food,Expense 289 - Movie,2023-08-02
EXP000290,460.55,Bills,Expense 290 - Lunch,2023-03-26
EXP000291,348.31,Shopping,Expense 291 - Lunch,2023-06-17
EXP000292,164.31,Food,Expense 292 - Electricity,2023-07-16
EXP000293,288.39,Healthcare,Expense 293 - Books,2023-10-01
EXP000294,293.11,Food,Expense 294 - Electricity,2023-03-07
EXP000295,200.52,Healthcare,Expense 295 - Movie,2023-07-14
EXP000296,422.84,Bills,Expense 296 - Groceries,2023-11-24
EXP000297,37.45,Healthcare,Expense 297 - Groceries,2023-04-09
EXP000298,449.49,Food,Expense 298 - Electricity,2023-05-12
EXP000299,388.8,Education,Expense 299 - Electricity,2023-02-04
EXP000300,390.66,Transportation,Expense 300 - Lunch,2023-02-21
EXP000301,452.37,Food,Expense 301 - Movie,2023-08-03
EXP000302,112.06,Healthcare,Expense 302 - Groceries,2023-11-18
EXP000303,80.66,Food,Expense 303 - Medicine,2023-11-23
EXP000304,66.66,Education,Expense 304 - Movie,2023-01-24
EXP000305,60.23,Bills,Expense 305 - Groceries,2023-11-10
EXP000306,352.3,Entertainment,Expense 306 - Gas,2023-03-11
EXP000307,464.11,Education,Expense 307 - Flight,2023-10-22
EXP000308,261.18,Education,Expense 308 - Lunch,2023-09-16
EXP000309,152.52,Transportation,Expense 309 - Medicine,2023-05-11
EXP000310,255.36,Transportation,Expense 310 - Lunch,2023-11-04
EXP000311,90.37,Shopping,Expense 311 - Lunch,2023-11-12
EXP000312,487.56,Education,Expense 312 - Groceries,2023-07-01
EXP000313,411.74,Bills,Expense 313 - Groceries,2023-09-22
EXP000314,470.92,Education,Expense 314 - Movie,2023-03-25
EXP000315,304.33,Healthcare,Expense 315 - Lunch,2023-10-04
EXP000316,266.22,Shopping,Expense 316 - Movie,2023-05-13
EXP000317,219.73,Transportation,Expense 317 - Movie,2024-01-01
EXP000318,126.74,Healthcare,Expense 318 - Electricity,2023-08-14
EXP000319,100.78,Travel,Expense 319 - Lunch,2023-03-23
EXP000320,175.38,Bills,Expense 320 - Medicine,2023-11-15
EXP000321,40.48,Healthcare,Expense 321 - Gas,2023-01-17
EXP000322,413.77,Food,Expense 322 - Electricity,2023-09-05
EXP000323,454.62,Education,Expense 323 - Gas,2023-04-05
EXP000324,483.74,Food,Expense 324 - Books,2023-02-06
EXP000325,135.46,Entertainment,Expense 325 - Lunch,2023-07-10
EXP000326,170.69,Bills,Expense 326 - Lunch,2023-10-11
EXP000327,462.99,Healthcare,Expense 327 - Books,2023-10-18
EXP000328,211.51,Education,Expense 328 - Books,2023-10-22
EXP000329,325.24,Bills,Expense 329 - Flight,2023-12-14
EXP000330,192.25,Entertainment,Expense 330 - Books,2023-05-03
EXP000331,102.76,Bills,Expense 331 - Gas,2023-06-27
EXP000332,305.88,Shopping,Expense 332 - Electricity,2023-03-02
EXP000333,188.62,Entertainment,Expense 333 - Flight,2023-04-19
EXP000334,134.42,Travel,Expense 334 - Groceries,2023-08-28
EXP000335,197.17,Healthcare,Expense 335 - Movie,2023-08-02
EXP000336,340.04,Healthcare,Expense 336 - Flight,2023-01-08
EXP000337,174.45,Shopping,Expense 337 - Gas,2023-11-25
EXP000338,366.59,Entertainment,Expense 338 - Lunch,2023-11-14
EXP000339,211.28,Shopping,Expense 339 - Flight,2023-10-05
EXP000340,117.03,Transportation,Expense 340 - Lunch,2023-11-26
EXP000341,460.77,Healthcare,Expense 341 - Gas,2023-08-10
EXP000342,118.41,Entertainment,Expense 342 - Flight,2023-01-20
EXP000343,62.4,Bills,Expense 343 - Groceries,2023-06-25
EXP000344,429.45,Healthcare,Expense 344 - Gas,2023-06-11
EXP000345,477.05,Food,Expense 345 - Lunch,2023-04-18
EXP000346,152.75,Entertainment,Expense 346 - Books,2023-04-07
EXP000347,401.91,Food,Expense 347 - Flight,2023-04-27
EXP000348,329.17,Entertainment,Expense 348 - Electricity,2023-09-10
EXP000349,448.48,Travel,Expense 349 - Electricity,2023-11-05
EXP000350,226.13,Shopping,Expense 350 - Lunch,2023-09-16
EXP000351,207.24,Transportation,Expense 351 - Flight,2023-03-21
EXP000352,487.63,Transportation,Expense 352 - Books,2023-03-26
EXP000353,236.8,Healthcare,Expense 353 - Medicine,2023-04-09
EXP000354,33.03,Food,Expense 354 - Books,2023-04-11
EXP000355,495.5,Education,Expense 355 - Books,2023-08-18
EXP000356,421.84,Entertainment,Expense 356 - Medicine,2023-05-23
EXP000357,90.28,Entertainment,Expense 357 - Electricity,2023-03-08
EXP000358,151.96,Food,Expense 358 - Medicine,2023-05-28
EXP000359,93.41,Shopping,Expense 359 - Books,2023-02-13
EXP000360,453.68,Shopping,Expense 360 - Groceries,2023-08-04
EXP000361,439.13,Food,Expense 361 - Electricity,2023-11-12
EXP000362,134.46,Healthcare,Expense 362 - Movie,2023-04-23
EXP000363,311.97,Entertainment,Expense 363 - Lunch,2023-12-09
EXP000364,332.06,Bills,Expense 364 - Flight,2023-10-07
EXP000365,363.98,Entertainment,Expense 365 - Medicine,2023-11-18
EXP000366,269.72,Education,Expense 366 - Lunch,2023-02-04
EXP000367,307.43,Entertainment,Expense 367 - Movie,2023-10-22
EXP000368,67.65,Transportation,Expense 368 - Gas,2023-12-18
EXP000369,328.77,Entertainment,Expense 369 - Lunch,2023-05-31
EXP000370,81.59,Bills,Expense 370 - Movie,2023-02-02
EXP000371,326.32,Travel,Expense 371 - Lunch,2023-02-14
EXP000372,358.72,Education,Expense 372 - Lunch,2023-08-31
EXP000373,389.33,Shopping,Expense 373 - Movie,2023-08-12
EXP000374,210.49,Education,Expense 374 - Books,2023-09-27
EXP000375,373.87,Education,Expense 375 - Electricity,2023-12-17
EXP000376,307.57,Food,Expense 376 - Books,2023-12-03
EXP000377,156.68,Entertainment,Expense 377 - Groceries,2023-01-19
EXP000378,114.35,Shopping,Expense 378 - Electricity,2023-01-27
EXP000379,185.0,Healthcare,Expense 379 - Medicine,2023-12-19
EXP000380,493.2,Shopping,Expense 380 - Lunch,2023-02-14
EXP000381,467.26,Education,Expense 381 - Electricity,2023-06-10
EXP000382,55.86,Bills,Expense 382 - Lunch,2023-07-31
EXP000383,319.79,Travel,Expense 383 - Electricity,2023-08-10
EXP000384,476.06,Transportation,Expense 384 - Gas,2023-11-29
EXP000385,372.6,Education,Expense 385 - Lunch,2023-09-27
EXP000386,30.72,Entertainment,Expense 386 - Electricity,2023-05-08
EXP000387,346.56,Transportation,Expense 387 - Flight,2023-09-19
EXP000388,132.98,Bills,Expense 388 - Gas,2023-01-31
EXP000389,310.0,Transportation,Expense 389 - Movie,2023-07-04
EXP000390,82.23,Healthcare,Expense 390 - Gas,2023-03-29
EXP000391,348.13,Food,Expense 391 - Electricity,2023-09-13
EXP000392,152.59,Transportation,Expense 392 - Electricity,2023-12-16
EXP000393,362.93,Transportation,Expense 393 - Books,2023-01-08
EXP000394,456.73,Transportation,Expense 394 - Flight,2023-09-16
EXP000395,191.23,Shopping,Expense 395 - Flight,2023-06-28
EXP000396,111.15,Transportation,Expense 396 - Movie,2023-01-18
EXP000397,42.64,Travel,Expense 397 - Medicine,2023-07-20
EXP000398,485.0,Transportation,Expense 398 - Books,2023-09-18
EXP000399,435.58,Education,Expense 399 - Movie,2023-10-13
EXP000400,337.77,Entertainment,Expense 400 - Books,2023-01-18
EXP000401,47.14,Travel,Expense 401 - Groceries,2023-04-09
EXP000402,104.29,Healthcare,Expense 402 - Flight,2023-04-15
EXP000403,421.64,Transportation,Expense 403 - Electricity,2023-11-14
EXP000404,64.39,Transportation,Expense 404 - Movie,2023-08-07
EXP000405,226.41,Food,Expense 405 - Lunch,2023-01-12
EXP000406,96.11,Travel,Expense 406 - Electricity,2023-01-30
EXP000407,378.83,Entertainment,Expense 407 - Groceries,2023-05-05
EXP000408,75.83,Food,Expense 408 - Lunch,2023-05-24
EXP000409,237.82,Transportation,Expense 409 - Electricity,2023-08-21
EXP000410,98.14,Shopping,Expense 410 - Books,2023-07-21
EXP000411,315.85,Shopping,Expense 411 - Lunch,2023-06-16
EXP000412,127.24,Bills,Expense 412 - Groceries,2023-07-31
EXP000413,68.65,Entertainment,Expense 413 - Books,2023-07-05
EXP000414,187.14,Food,Expense 414 - Electricity,2023-12-23
EXP000415,161.3,Transportation,Expense 415 - Movie,2023-02-27
EXP000416,462.98,Bills,Expense 416 - Gas,2023-04-27
EXP000417,471.17,Transportation,Expense 417 - Gas,2023-09-14
EXP000418,291.09,Bills,Expense 418 - Movie,2023-02-04
EXP000419,78.53,Entertainment,Expense 419 - Groceries,2023-08-30
EXP000420,455.24,Transportation,Expense 420 - Medicine,2023-12-28
EXP000421,162.35,Shopping,Expense 421 - Books,2023-06-06
EXP000422,461.2,Entertainment,Expense 422 - Movie,2023-08-07
EXP000423,328.9,Education,Expense 423 - Medicine,2023-12-21
EXP000424,142.8,Bills,Expense 424 - Gas,2023-06-04
EXP000425,356.68,Healthcare,Expense 425 - Groceries,2023-01-28
EXP000426,377.29,Shopping,Expense 426 - Flight,2023-12-29
EXP000427,100.03,Travel,Expense 427 - Flight,2023-06-22
EXP000428,233.35,Shopping,Expense 428 - Lunch,2023-10-21
EXP000429,44.49,Food,Expense 429 - Movie,2023-04-13
EXP000430,484.13,Transportation,Expense 430 - Gas,2023-03-04
EXP000431,434.54,Food,Expense 431 - Medicine,2023-12-04
EXP000432,265.77,Transportation,Expense 432 - Gas,2023-12-15
EXP000433,422.99,Bills,Expense 433 - Flight,2023-08-15
EXP000434,328.05,Travel,Expense 434 - Medicine,2023-07-01
EXP000435,497.41,Healthcare,Expense 435 - Gas,2023-03-25
EXP000436,383.79,Shopping,Expense 436 - Electricity,2023-11-22
EXP000437,133.89,Entertainment,Expense 437 - Movie,2023-01-16
EXP000438,380.7,Shopping,Expense 438 - Books,2023-04-16
EXP000439,481.56,Bills,Expense 439 - Gas,2023-10-12
EXP000440,53.42,Travel,Expense 440 - Movie,2023-05-14
EXP000441,39.19,Bills,Expense 441 - Electricity,2023-07-10
EXP000442,332.57,Entertainment,Expense 442 - Medicine,2023-10-20
EXP000443,198.38,Travel,Expense 443 - Gas,2023-04-03
EXP000444,138.83,Education,Expense 444 - Books,2023-06-20
EXP000445,314.02,Healthcare,Expense 445 - Lunch,2023-10-20
EXP000446,475.44,Entertainment,Expense 446 - Medicine,2023-09-29
EXP000447,371.15,Food,Expense 447 - Medicine,2023-06-14
EXP000448,269.29,Shopping,Expense 448 - Gas,2023-12-07
EXP000449,61.36,Food,Expense 449 - Lunch,2023-04-01
EXP000450,166.02,Travel,Expense 450 - Lunch,2023-04-04
EXP000451,142.53,Shopping,Expense 451 - Flight,2023-07-02
EXP000452,77.82,Food,Expense 452 - Groceries,2023-03-03
EXP000453,40.06,Education,Expense 453 - Flight,2023-03-11
EXP000454,291.37,Entertainment,Expense 454 - Groceries,2023-06-10
EXP000455,265.03,Food,Expense 455 - Medicine,2023-09-10
EXP000456,299.08,Education,Expense 456 - Electricity,2023-12-09
EXP000457,13.17,Healthcare,Expense 457 - Flight,2023-07-06
EXP000458,284.66,Travel,Expense 458 - Books,2023-08-18
EXP000459,404.53,Entertainment,Expense 459 - Groceries,2023-07-06
EXP000460,421.7,Shopping,Expense 460 - Movie,2023-01-29
EXP000461,371.11,Shopping,Expense 461 - Books,2023-04-03
EXP000462,254.81,Transportation,Expense 462 - Lunch,2023-09-15
EXP000463,458.61,Travel,Expense 463 - Lunch,2023-01-03
EXP000464,33.62,Education,Expense 464 - Books,2023-11-23
EXP000465,243.43,Education,Expense 465 - Gas,2023-03-10
EXP000466,374.36,Travel,Expense 466 - Movie,2023-11-28
EXP000467,446.51,Education,Expense 467 - Medicine,2023-02-01
EXP000468,96.25,Travel,Expense 468 - Books,2023-02-03
EXP000469,162.93,Bills,Expense 469 - Gas,2023-05-25
EXP000470,243.11,Bills,Expense 470 - Lunch,2023-08-25
EXP000471,285.63,Bills,Expense 471 - Gas,2023-12-08
EXP000472,58.87,Education,Expense 472 - Books,2023-07-30
EXP000473,285.91,Education,Expense 473 - Electricity,2023-12-23
EXP000474,348.0,Education,Expense 474 - Books,2023-09-21
EXP000475,454.02,Education,Expense 475 - Lunch,2023-08-13
EXP000476,223.54,Healthcare,Expense 476 - Electricity,2023-02-19
EXP000477,126.69,Healthcare,Expense 477 - Movie,2023-10-04
EXP000478,359.43,Education,Expense 478 - Gas,2023-03-16
EXP000479,238.29,Education,Expense 479 - Medicine,2023-07-21
EXP000480,226.63,Education,Expense 480 - Flight,2023-12-17
EXP000481,124.44,Food,Expense 481 - Lunch,2023-05-13
EXP000482,320.4,Education,Expense 482 - Lunch,2023-09-27
EXP000483,459.61,Healthcare,Expense 483 - Medicine,2023-08-26
EXP000484,444.12,Entertainment,Expense 484 - Gas,2023-11-19
EXP000485,461.38,Travel,Expense 485 - Electricity,2023-11-27
EXP000486,480.21,Healthcare,Expense 486 - Movie,2023-11-13
EXP000487,298.23,Food,Expense 487 - Movie,2023-08-21
EXP000488,416.65,Healthcare,Expense 488 - Flight,2023-03-17
EXP000489,214.52,Food,Expense 489 - Movie,2023-10-04
EXP000490,332.3,Bills,Expense 490 - Medicine,2023-12-14
EXP000491,236.75,Healthcare,Expense 491 - Lunch,2023-01-25
EXP000492,361.97,Healthcare,Expense 492 - Books,2023-02-17
EXP000493,168.93,Bills,Expense 493 - Medicine,2023-01-05
EXP000494,128.63,Healthcare,Expense 494 - Books,2023-12-12
EXP000495,121.8,Travel,Expense 495 - Books,2023-09-21
EXP000496,289.03,Bills,Expense 496 - Groceries,2023-04-08
EXP000497,44.75,Entertainment,Expense 497 - Flight,2023-07-20
EXP000498,487.88,Food,Expense 498 - Gas,2023-02-22
EXP000499,357.05,Travel,Expense 499 - Groceries,2023-06-25
EXP000500,138.07,Education,Expense 500 - Electricity,2023-05-09
EXP000501,114.82,Food,Expense 501 - Gas,2023-06-22
EXP000502,243.25,Entertainment,Expense 502 - Electricity,2023-02-25
EXP000503,257.67,Healthcare,Expense 503 - Groceries,2023-04-11
EXP000504,360.96,Bills,Expense 504 - Books,2023-09-25
EXP000505,344.47,Food,Expense 505 - Lunch,2023-06-26
EXP000506,357.53,Healthcare,Expense 506 - Books,2023-08-08
EXP000507,418.6,Food,Expense 507 - Books,2023-04-14
EXP000508,444.56,Food,Expense 508 - Medicine,2023-11-18
EXP000509,165.94,Travel,Expense 509 - Movie,2023-08-13
EXP000510,295.97,Shopping,Expense 510 - Flight,2023-08-14
EXP000511,179.22,Shopping,Expense 511 - Lunch,2023-01-13
EXP000512,468.09,Education,Expense 512 - Groceries,2023-01-12
EXP000513,274.54,Education,Expense 513 - Gas,2023-02-05
EXP000514,428.91,Food,Expense 514 - Lunch,2023-10-07
EXP000515,478.18,Travel,Expense 515 - Medicine,2023-10-22
EXP000516,378.01,Bills,Expense 516 - Electricity,2023-03-05
EXP000517,405.91,Shopping,Expense 517 - Books,2023-02-21
EXP000518,17.87,Transportation,Expense 518 - Medicine,2023-09-01
EXP000519,282.51,Bills,Expense 519 - Electricity,2023-08-01
EXP000520,322.02,Education,Expense 520 - Books,2023-03-23
EXP000521,212.08,Healthcare,Expense 521 - Flight,2023-06-15
EXP000522,128.67,Transportation,Expense 522 - Flight,2023-10-22
EXP000523,142.92,Shopping,Expense 523 - Electricity,2023-05-15
EXP000524,89.67,Transportation,Expense 524 - Flight,2023-01-12
EXP000525,248.38,Food,Expense 525 - Groceries,2023-07-28
EXP000526,32.43,Healthcare,Expense 526 - Electricity,2023-10-22
EXP000527,133.31,Healthcare,Expense 527 - Movie,2023-12-02
EXP000528,344.9,Transportation,Expense 528 - Books,2023-02-07
EXP000529,190.21,Transportation,Expense 529 - Lunch,2023-09-02
EXP000530,129.23,Bills,Expense 530 - Flight,2023-05-13
EXP000531,233.04,Food,Expense 531 - Lunch,2023-03-21
EXP000532,223.45,Education,Expense 532 - Books,2023-01-01
EXP000533,42.21,Entertainment,Expense 533 - Electricity,2023-11-11
EXP000534,367.89,Entertainment,Expense 534 - Electricity,2023-08-31
EXP000535,456.11,Travel,Expense 535 - Gas,2023-07-02
EXP000536,26.93,Bills,Expense 536 - Gas,2023-07-11
EXP000537,291.3,Healthcare,Expense 537 - Books,2023-02-26
EXP000538,452.51,Healthcare,Expense 538 - Gas,2023-05-10
EXP000539,380.5,Bills,Expense 539 - Gas,2023-05-24
EXP000540,9.65,Shopping,Expense 540 - Books,2023-04-25
EXP000541,33.76,Food,Expense 541 - Books,2023-04-28
EXP000542,411.73,Food,Expense 542 - Movie,2023-04-23
EXP000543,99.66,Bills,Expense 543 - Flight,2023-03-26
EXP000544,469.84,Bills,Expense 544 - Electricity,2023-07-04
EXP000545,260.34,Travel,Expense 545 - Groceries,2023-10-25
EXP000546,393.76,Education,Expense 546 - Books,2023-08-05
EXP000547,188.55,Travel,Expense 547 - Lunch,2023-05-07
EXP000548,88.18,Shopping,Expense 548 - Books,2023-05-16
EXP000549,466.71,Education,Expense 549 - Books,2023-09-27
EXP000550,80.59,Shopping,Expense 550 - Gas,2023-05-18
EXP000551,358.43,Shopping,Expense 551 - Movie,2023-11-27
EXP000552,449.25,Entertainment,Expense 552 - Electricity,2023-12-11
EXP000553,483.93,Education,Expense 553 - Books,2023-07-22
EXP000554,217.14,Healthcare,Expense 554 - Electricity,2023-11-11
EXP000555,59.01,Entertainment,Expense 555 - Groceries,2023-11-20
EXP000556,255.65,Entertainment,Expense 556 - Books,2023-07-13
EXP000557,83.02,Education,Expense 557 - Gas,2023-10-31
EXP000558,106.14,Healthcare,Expense 558 - Electricity,2023-09-15
EXP000559,205.73,Food,Expense 559 - Books,2023-03-06
EXP000560,325.8,Bills,Expense 560 - Movie,2023-08-17
EXP000561,175.9,Bills,Expense 561 - Flight,2023-11-22
EXP000562,428.47,Transportation,Expense 562 - Movie,2023-10-27
EXP000563,101.36,Food,Expense 563 - Flight,2023-04-18
EXP000564,71.84,Transportation,Expense 564 - Movie,2023-07-16
EXP000565,30.02,Bills,Expense 565 - Flight,2023-06-05
EXP000566,353.29,Transportation,Expense 566 - Movie,2023-10-19
EXP000567,278.08,Shopping,Expense 567 - Movie,2023-02-22
EXP000568,186.78,Travel,Expense 568 - Gas,2023-07-12
EXP000569,310.93,Travel,Expense 569 - Groceries,2023-07-09
EXP000570,129.0,Education,Expense 570 - Flight,2023-09-02
EXP000571,483.13,Bills,Expense 571 - Groceries,2023-03-05
EXP000572,420.5,Healthcare,Expense 572 - Movie,2023-09-18
EXP000573,14.23,Education,Expense 573 - Lunch,2023-02-13
EXP000574,61.78,Entertainment,Expense 574 - Flight,2023-06-02
EXP000575,348.08,Transportation,Expense 575 - Electricity,2023-02-14
EXP000576,287.79,Transportation,Expense 576 - Flight,2023-07-04
EXP000577,36.7,Bills,Expense 577 - Movie,2023-07-31
EXP000578,18.31,Travel,Expense 578 - Electricity,2023-10-15
EXP000579,226.47,Transportation,Expense 579 - Books,2023-10-28
EXP000580,491.31,Healthcare,Expense 580 - Books,2023-08-16
EXP000581,97.09,Education,Expense 581 - Movie,2023-06-10
EXP000582,356.99,Entertainment,Expense 582 - Groceries,2023-05-04
EXP000583,445.28,Travel,Expense 583 - Gas,2024-01-01
EXP000584,460.88,Shopping,Expense 584 - Groceries,2023-02-16
EXP000585,218.05,Entertainment,Expense 585 - Lunch,2023-03-12
EXP000586,130.45,Education,Expense 586 - Medicine,2023-11-14
EXP000587,91.79,Healthcare,Expense 587 - Flight,2023-09-01
EXP000588,87.36,Transportation,Expense 588 - Books,2023-09-18
EXP000589,222.66,Entertainment,Expense 589 - Groceries,2023-08-11
EXP000590,243.02,Travel,Expense 590 - Medicine,2023-06-14
EXP000591,371.8,Bills,Expense 591 - Groceries,2023-02-13
EXP000592,231.16,Food,Expense 592 - Electricity,2023-09-22
EXP000593,310.56,Entertainment,Expense 593 - Electricity,2023-09-11
EXP000594,38.96,Shopping,Expense 594 - Electricity,2023-03-05
EXP000595,121.91,Transportation,Expense 595 - Gas,2023-10-02
EXP000596,415.19,Bills,Expense 596 - Books,2023-06-18
EXP000597,175.49,Food,Expense 597 - Flight,2023-05-23
EXP000598,57.94,Education,Expense 598 - Groceries,2023-03-15
EXP000599,422.77,Bills,Expense 599 - Medicine,2023-02-25
EXP000600,13.08,Travel,Expense 600 - Movie,2023-08-09
EXP000601,254.5,Shopping,Expense 601 - Books,2023-09-27
EXP000602,430.49,Shopping,Expense 602 - Medicine,2023-12-12
EXP000603,22.87,Food,Expense 603 - Flight,2023-04-05
EXP000604,70.93,Education,Expense 604 - Lunch,2023-04-06
EXP000605,273.22,Food,Expense 605 - Electricity,2023-01-19
EXP000606,126.41,Transportation,Expense 606 - Flight,2023-05-14
EXP000607,225.5,Education,Expense 607 - Electricity,2023-10-25
EXP000608,156.89,Healthcare,Expense 608 - Gas,2023-06-20
EXP000609,318.38,Travel,Expense 609 - Electricity,2023-07-10
EXP000610,426.29,Transportation,Expense 610 - Electricity,2023-01-28
EXP000611,170.66,Entertainment,Expense 611 - Movie,2023-07-28
EXP000612,222.71,Food,Expense 612 - Medicine,2023-01-24
EXP000613,421.97,Food,Expense 613 - Books,2023-05-06
EXP000614,330.82,Education,Expense 614 - Flight,2023-03-09
EXP000615,27.66,Shopping,Expense 615 - Flight,2023-11-13
EXP000616,442.58,Entertainment,Expense 616 - Movie,2023-06-30
EXP000617,226.25,Entertainment,Expense 617 - Books,2023-11-07
EXP000618,66.46,Travel,Expense 618 - Flight,2023-01-03
EXP000619,392.87,Food,Expense 619 - Books,2023-01-16
EXP000620,274.57,Transportation,Expense 620 - Groceries,2023-02-07
EXP000621,462.94,Food,Expense 621 - Movie,2023-06-13
EXP000622,400.02,Education,Expense 622 - Electricity,2023-04-17
EXP000623,378.85,Transportation,Expense 623 - Flight,2023-12-09
EXP000624,103.32,Entertainment,Expense 624 - Electricity,2023-11-14
EXP000625,425.67,Entertainment,Expense 625 - Gas,2023-11-14
EXP000626,437.07,Food,Expense 626 - Movie,2023-08-16
EXP000627,288.09,Food,Expense 627 - Gas,2023-10-15
EXP000628,142.0,Transportation,Expense 628 - Movie,2023-06-20
EXP000629,436.63,Entertainment,Expense 629 - Gas,2023-05-25
EXP000630,140.54,Healthcare,Expense 630 - Flight,2023-07-12
EXP000631,262.14,Travel,Expense 631 - Medicine,2023-08-21
EXP000632,248.68,Entertainment,Expense 632 - Movie,2023-08-28
EXP000633,96.76,Bills,Expense 633 - Lunch,2023-01-16
EXP000634,237.32,Entertainment,Expense 634 - Flight,2023-02-19
EXP000635,326.5,Healthcare,Expense 635 - Groceries,2023-12-17
EXP000636,159.53,Healthcare,Expense 636 - Books,2023-10-02
EXP000637,22.04,Travel,Expense 637 - Medicine,2023-04-14
EXP000638,221.15,Transportation,Expense 638 - Groceries,2023-10-17
EXP000639,233.49,Travel,Expense 639 - Books,2023-10-20
EXP000640,293.12,Entertainment,Expense 640 - Electricity,2023-09-05
EXP000641,361.63,Transportation,Expense 641 - Movie,2023-08-31
EXP000642,454.66,Travel,Expense 642 - Electricity,2023-06-21
EXP000643,77.08,Travel,Expense 643 - Books,2023-03-22
EXP000644,452.22,Healthcare,Expense 644 - Movie,2023-03-01
EXP000645,120.41,Healthcare,Expense 645 - Movie,2023-11-23
EXP000646,251.22,Entertainment,Expense 646 - Flight,2023-09-06
EXP000647,265.76,Transportation,Expense 647 - Flight,2023-02-22
EXP000648,382.05,Transportation,Expense 648 - Medicine,2023-10-15
EXP000649,217.33,Travel,Expense 649 - Movie,2023-12-12
EXP000650,125.32,Travel,Expense 650 - Flight,2023-10-14
EXP000651,23.53,Entertainment,Expense 651 - Medicine,2023-03-15
EXP000652,17.78,Education,Expense 652 - Gas,2023-03-24
EXP000653,365.64,Education,Expense 653 - Medicine,2023-02-25
EXP000654,430.8,Travel,Expense 654 - Electricity,2023-02-14
EXP000655,160.11,Food,Expense 655 - Movie,2023-05-29
EXP000656,101.88,Bills,Expense 656 - Movie,2023-06-23
EXP000657,483.79,Travel,Expense 657 - Electricity,2023-06-10
EXP000658,65.33,Entertainment,Expense 658 - Flight,2023-03-04
EXP000659,476.93,Healthcare,Expense 659 - Books,2023-08-29
EXP000660,465.67,Travel,Expense 660 - Lunch,2023-08-12
EXP000661,262.29,Education,Expense 661 - Electricity,2023-08-28
EXP000662,199.89,Bills,Expense 662 - Medicine,2023-02-05
EXP000663,371.95,Healthcare,Expense 663 - Books,2023-11-07
EXP000664,146.07,Shopping,Expense 664 - Electricity,2023-07-04
EXP000665,432.9,Healthcare,Expense 665 - Groceries,2023-11-01
EXP000666,417.62,Travel,Expense 666 - Movie,2023-03-06
EXP000667,395.9,Healthcare,Expense 667 - Electricity,2023-03-01
EXP000668,370.67,Food,Expense 668 - Books,2023-10-01
EXP000669,249.89,Food,Expense 669 - Movie,2023-02-19
EXP000670,362.34,Transportation,Expense 670 - Books,2023-09-29
EXP000671,161.26,Healthcare,Expense 671 - Medicine,2023-06-04
EXP000672,340.94,Shopping,Expense 672 - Electricity,2023-06-16
EXP000673,76.72,Education,Expense 673 - Movie,2023-01-24
EXP000674,306.87,Transportation,Expense 674 - Gas,2023-10-13
EXP000675,202.63,Bills,Expense 675 - Groceries,2023-04-10
EXP000676,280.14,Education,Expense 676 - Medicine,2023-07-22
EXP000677,284.57,Food,Expense 677 - Movie,2023-01-06
EXP000678,101.36,Entertainment,Expense 678 - Flight,2023-05-01
EXP000679,468.71,Transportation,Expense 679 - Books,2023-07-30
EXP000680,330.33,Bills,Expense 680 - Movie,2023-05-01
EXP000681,285.85,Shopping,Expense 681 - Lunch,2023-09-02
EXP000682,165.6,Transportation,Expense 682 - Books,2023-05-29
EXP000683,224.4,Travel,Expense 683 - Electricity,2023-02-06
EXP000684,383.99,Healthcare,Expense 684 - Lunch,2023-12-10
EXP000685,64.57,Food,Expense 685 - Movie,2023-02-02
EXP000686,91.99,Travel,Expense 686 - Movie,2023-05-12
EXP000687,335.5,Education,Expense 687 - Books,2023-03-25
EXP000688,303.1,Food,Expense 688 - Books,2023-04-14
EXP000689,385.53,Food,Expense 689 - Gas,2023-01-29
EXP000690,168.59,Bills,Expense 690 - Gas,2023-09-26
EXP000691,329.07,Shopping,Expense 691 - Electricity,2023-09-08
EXP000692,244.71,Bills,Expense 692 - Medicine,2023-04-23
EXP000693,402.54,Healthcare,Expense 693 - Electricity,2023-10-29
EXP000694,351.4,Travel,Expense 694 - Electricity,2023-03-09
EXP000695,68.71,Shopping,Expense 695 - Gas,2023-12-11
EXP000696,200.61,Bills,Expense 696 - Movie,2023-10-25
EXP000697,484.4,Transportation,Expense 697 - Movie,2023-02-07
EXP000698,34.62,Education,Expense 698 - Lunch,2023-02-01
EXP000699,247.61,Bills,Expense 699 - Books,2023-02-13
EXP000700,408.87,Healthcare,Expense 700 - Electricity,2023-04-15
EXP000701,426.77,Travel,Expense 701 - Electricity,2023-09-29
EXP000702,47.64,Entertainment,Expense 702 - Electricity,2023-08-02
EXP000703,286.09,Bills,Expense 703 - Lunch,2023-04-10
EXP000704,317.39,Transportation,Expense 704 - Flight,2023-11-27
EXP000705,349.65,Travel,Expense 705 - Groceries,2023-03-17
EXP000706,376.39,Bills,Expense 706 - Groceries,2023-04-12
EXP000707,327.84,Shopping,Expense 707 - Gas,2023-04-22
EXP000708,412.94,Shopping,Expense 708 - Gas,2023-09-20
EXP000709,7.13,Bills,Expense 709 - Electricity,2023-10-14
EXP000710,149.3,Healthcare,Expense 710 - Gas,2023-06-12
EXP000711,200.57,Shopping,Expense 711 - Flight,2023-10-12
EXP000712,49.4,Food,Expense 712 - Gas,2023-04-22
EXP000713,24.62,Food,Expense 713 - Gas,2023-08-09
EXP000714,388.84,Travel,Expense 714 - Movie,2023-05-22
EXP000715,306.71,Healthcare,Expense 715 - Medicine,2023-03-05
EXP000716,296.44,Shopping,Expense 716 - Books,2023-10-23
EXP000717,210.04,Education,Expense 717 - Groceries,2023-01-24
EXP000718,379.61,Entertainment,Expense 718 - Gas,2023-06-18
EXP000719,328.97,Bills,Expense 719 - Gas,2023-03-21
EXP000720,431.04,Travel,Expense 720 - Lunch,2023-09-23
EXP000721,223.78,Entertainment,Expense 721 - Movie,2023-08-03
EXP000722,249.59,Transportation,Expense 722 - Movie,2023-05-27
EXP000723,142.45,Shopping,Expense 723 - Medicine,2023-12-11
EXP000724,208.59,Food,Expense 724 - Gas,2023-07-07
EXP000725,13.13,Bills,Expense 725 - Lunch,2023-01-14
EXP000726,409.66,Food,Expense 726 - Lunch,2023-02-24
EXP000727,281.5,Transportation,Expense 727 - Books,2023-11-12
EXP000728,150.07,Travel,Expense 728 - Electricity,2023-12-21
EXP000729,367.82,Travel,Expense 729 - Books,2023-04-04
EXP000730,467.91,Education,Expense 730 - Lunch,2023-01-10
EXP000731,67.35,Healthcare,Expense 731 - Electricity,2023-12-12
EXP000732,208.6,Travel,Expense 732 - Electricity,2023-11-23
EXP000733,239.93,Healthcare,Expense 733 - Books,2023-11-12
EXP000734,8.69,Travel,Expense 734 - Lunch,2023-07-06
EXP000735,23.36,Transportation,Expense 735 - Electricity,2023-04-09
EXP000736,223.59,Food,Expense 736 - Flight,2023-12-08
EXP000737,356.8,Shopping,Expense 737 - Medicine,2023-06-10
EXP000738,476.69,Travel,Expense 738 - Groceries,2023-02-14
EXP000739,345.48,Healthcare,Expense 739 - Medicine,2023-07-31
EXP000740,346.38,Education,Expense 740 - Lunch,2023-09-02
EXP000741,199.3,Shopping,Expense 741 - Groceries,2023-04-06
EXP000742,223.0,Entertainment,Expense 742 - Flight,2023-01-13
EXP000743,27.37,Transportation,Expense 743 - Gas,2023-12-13
EXP000744,24.71,Entertainment,Expense 744 - Groceries,2023-03-02
EXP000745,71.07,Entertainment,Expense 745 - Movie,2023-06-01
EXP000746,347.35,Education,Expense 746 - Medicine,2023-07-23
EXP000747,387.58,Bills,Expense 747 - Electricity,2023-04-03
EXP000748,53.84,Entertainment,Expense 748 - Books,2023-03-10
EXP000749,396.8,Healthcare,Expense 749 - Lunch,2023-08-09
EXP000750,319.74,Entertainment,Expense 750 - Medicine,2023-08-10
EXP000751,19.26,Shopping,Expense 751 - Lunch,2023-12-04
EXP000752,242.35,Food,Expense 752 - Lunch,2023-02-19
EXP000753,66.85,Education,Expense 753 - Groceries,2023-11-02
EXP000754,259.22,Education,Expense 754 - Gas,2023-03-07
EXP000755,314.7,Transportation,Expense 755 - Groceries,2023-11-29
EXP000756,185.3,Transportation,Expense 756 - Lunch,2023-01-08
EXP000757,119.03,Transportation,Expense 757 - Movie,2023-09-13
EXP000758,496.71,Travel,Expense 758 - Lunch,2023-06-10
EXP000759,303.06,Education,Expense 759 - Medicine,2023-11-04
EXP000760,249.14,Travel,Expense 760 - Gas,2023-02-20
EXP000761,106.36,Travel,Expense 761 - Movie,2023-10-02
EXP000762,375.16,Transportation,Expense 762 - Books,2023-11-06
EXP000763,240.95,Transportation,Expense 763 - Flight,2023-11-12
EXP000764,339.28,Healthcare,Expense 764 - Lunch,2023-12-29
EXP000765,197.82,Food,Expense 765 - Books,2023-09-10
EXP000766,170.52,Transportation,Expense 766 - Electricity,2023-12-04
EXP000767,384.11,Entertainment,Expense 767 - Flight,2023-07-21
EXP000768,301.4,Education,Expense 768 - Gas,2023-04-13
EXP000769,427.0,Travel,Expense 769 - Movie,2023-09-22
EXP000770,332.44,Transportation,Expense 770 - Gas,2023-11-02
EXP000771,221.25,Entertainment,Expense 771 - Gas,2023-12-10
EXP000772,303.82,Bills,Expense 772 - Gas,2023-04-15
EXP000773,114.6,Bills,Expense 773 - Movie,2023-09-08
EXP000774,319.83,Travel,Expense 774 - Electricity,2023-06-30
EXP000775,183.2,Education,Expense 775 - Groceries,2023-10-18
EXP000776,14.37,Travel,Expense 776 - Groceries,2023-01-06
EXP000777,482.78,Shopping,Expense 777 - Electricity,2023-10-16
EXP000778,439.62,Food,Expense 778 - Movie,2023-11-14
EXP000779,75.96,Transportation,Expense 779 - Flight,2023-12-02
EXP000780,244.36,Healthcare,Expense 780 - Groceries,2023-08-15
EXP000781,234.95,Healthcare,Expense 781 - Flight,2023-05-14
EXP000782,53.64,Travel,Expense 782 - Electricity,2023-04-22
EXP000783,237.66,Travel,Expense 783 - Flight,2023-01-25
EXP000784,311.62,Food,Expense 784 - Flight,2023-02-13
EXP000785,200.3,Bills,Expense 785 - Medicine,2023-10-10
EXP000786,177.69,Travel,Expense 786 - Gas,2023-09-17
EXP000787,308.29,Bills,Expense 787 - Movie,2023-08-26
EXP000788,314.49,Shopping,Expense 788 - Electricity,2023-05-10
EXP000789,476.43,Education,Expense 789 - Flight,2023-06-05
EXP000790,421.21,Travel,Expense 790 - Movie,2023-08-05
EXP000791,41.03,Healthcare,Expense 791 - Books,2023-04-07
EXP000792,113.53,Shopping,Expense 792 - Flight,2023-06-24
EXP000793,392.48,Bills,Expense 793 - Electricity,2023-11-22
EXP000794,82.93,Healthcare,Expense 794 - Electricity,2023-07-02
EXP000795,216.25,Healthcare,Expense 795 - Flight,2023-05-11
EXP000796,62.28,Transportation,Expense 796 - Gas,2023-04-13
EXP000797,135.82,Transportation,Expense 797 - Books,2023-04-14
EXP000798,34.85,Transportation,Expense 798 - Flight,2023-02-06
EXP000799,351.86,Healthcare,Expense 799 - Electricity,2023-10-11
EXP000800,79.58,Travel,Expense 800 - Lunch,2023-03-17
EXP000801,208.2,Food,Expense 801 - Flight,2023-10-08
EXP000802,134.34,Travel,Expense 802 - Groceries,2023-11-21
EXP000803,390.9,Food,Expense 803 - Lunch,2023-06-23
EXP000804,394.19,Transportation,Expense 804 - Gas,2023-11-21
EXP000805,96.88,Food,Expense 805 - Movie,2023-12-16
EXP000806,324.3,Education,Expense 806 - Movie,2023-11-02
EXP000807,461.05,Bills,Expense 807 - Flight,2023-06-16
EXP000808,44.14,Entertainment,Expense 808 - Groceries,2023-10-05
EXP000809,407.7,Bills,Expense 809 - Groceries,2023-12-30
EXP000810,328.35,Bills,Expense 810 - Lunch,2023-03-18
EXP000811,407.04,Bills,Expense 811 - Movie,2023-05-07
EXP000812,452.3,Education,Expense 812 - Gas,2023-10-10
EXP000813,39.1,Transportation,Expense 813 - Gas,2023-02-08
EXP000814,370.26,Healthcare,Expense 814 - Gas,2023-01-31
EXP000815,48.26,Education,Expense 815 - Books,2023-04-24
EXP000816,42.37,Education,Expense 816 - Electricity,2023-09-09
EXP000817,203.96,Food,Expense 817 - Lunch,2023-04-21
EXP000818,295.9,Transportation,Expense 818 - Lunch,2023-03-06
EXP000819,262.96,Travel,Expense 819 - Groceries,2023-04-07
EXP000820,213.89,Entertainment,Expense 820 - Flight,2023-05-25
EXP000821,405.34,Healthcare,Expense 821 - Groceries,2023-06-11
EXP000822,15.53,Entertainment,Expense 822 - Flight,2023-11-04
EXP000823,69.74,Transportation,Expense 823 - Flight,2023-03-26
EXP000824,133.06,Bills,Expense 824 - Electricity,2023-07-03
EXP000825,272.66,Shopping,Expense 825 - Movie,2023-07-28
EXP000826,40.86,Education,Expense 826 - Groceries,2023-06-26
EXP000827,93.31,Healthcare,Expense 827 - Books,2023-11-11
EXP000828,342.65,Education,Expense 828 - Medicine,2023-04-27
EXP000829,177.76,Entertainment,Expense 829 - Lunch,2023-11-11
EXP000830,64.35,Entertainment,Expense 830 - Books,2023-03-23
EXP000831,449.39,Education,Expense 831 - Lunch,2023-10-29
EXP000832,276.79,Bills,Expense 832 - Books,2023-01-30
EXP000833,389.75,Travel,Expense 833 - Movie,2023-07-27
EXP000834,131.5,Food,Expense 834 - Movie,2023-03-25
EXP000835,46.28,Healthcare,Expense 835 - Movie,2023-01-28
EXP000836,439.72,Travel,Expense 836 - Electricity,2023-03-27
EXP000837,282.6,Food,Expense 837 - Lunch,2023-07-26
EXP000838,156.97,Entertainment,Expense 838 - Medicine,2023-11-05
EXP000839,11.03,Education,Expense 839 - Lunch,2023-09-30
EXP000840,365.9,Entertainment,Expense 840 - Books,2023-04-07
EXP000841,60.74,Entertainment,Expense 841 - Electricity,2023-12-10
EXP000842,278.06,Entertainment,Expense 842 - Lunch,2023-04-10
EXP000843,94.97,Bills,Expense 843 - Electricity,2023-06-22
EXP000844,263.41,Healthcare,Expense 844 - Electricity,2023-12-19
EXP000845,226.39,Shopping,Expense 845 - Lunch,2023-02-08
EXP000846,162.98,Shopping,Expense 846 - Lunch,2023-10-29
EXP000847,372.1,Bills,Expense 847 - Books,2023-04-21
EXP000848,353.33,Transportation,Expense 848 - Gas,2023-07-09
EXP000849,52.6,Healthcare,Expense 849 - Gas,2023-01-11
EXP000850,354.78,Food,Expense 850 - Medicine,2023-08-07
EXP000851,478.5,Shopping,Expense 851 - Groceries,2023-03-14
EXP000852,406.1,Travel,Expense 852 - Medicine,2023-11-08
EXP000853,470.35,Food,Expense 853 - Electricity,2023-11-05
EXP000854,43.22,Travel,Expense 854 - Books,2023-01-20
EXP000855,294.66,Food,Expense 855 - Electricity,2023-03-06
EXP000856,114.1,Food,Expense 856 - Movie,2023-01-07
EXP000857,348.18,Education,Expense 857 - Movie,2023-11-12
EXP000858,459.0,Healthcare,Expense 858 - Flight,2023-04-03
EXP000859,477.71,Education,Expense 859 - Gas,2023-03-02
EXP000860,28.46,Education,Expense 860 - Lunch,2023-03-16
EXP000861,25.89,Travel,Expense 861 - Movie,2023-02-17
EXP000862,488.1,Shopping,Expense 862 - Books,2023-08-26
EXP000863,228.2,Education,Expense 863 - Medicine,2023-11-20
EXP000864,240.51,Education,Expense 864 - Movie,2023-03-02
EXP000865,144.24,Entertainment,Expense 865 - Movie,2023-05-12
EXP000866,390.74,Shopping,Expense 866 - Medicine,2023-10-20
EXP000867,60.72,Food,Expense 867 - Electricity,2023-07-12
EXP000868,58.83,Healthcare,Expense 868 - Movie,2023-12-09
EXP000869,488.4,Transportation,Expense 869 - Groceries,2023-12-15
EXP000870,258.74,Entertainment,Expense 870 - Movie,2023-10-24
EXP000871,375.49,Transportation,Expense 871 - Lunch,2023-12-21
EXP000872,374.92,Shopping,Expense 872 - Movie,2023-07-11
EXP000873,334.6,Shopping,Expense 873 - Flight,2023-07-30
EXP000874,171.57,Entertainment,Expense 874 - Lunch,2023-10-03
EXP000875,269.43,Entertainment,Expense 875 - Medicine,2023-10-13
EXP000876,29.98,Education,Expense 876 - Movie,2023-10-31
EXP000877,186.5,Bills,Expense 877 - Gas,2023-05-23
EXP000878,155.71,Bills,Expense 878 - Medicine,2023-09-26
EXP000879,94.06,Food,Expense 879 - Flight,2023-12-03
EXP000880,407.55,Bills,Expense 880 - Lunch,2023-02-07
EXP000881,206.64,Entertainment,Expense 881 - Electricity,2023-04-27
EXP000882,55.27,Education,Expense 882 - Movie,2023-11-09
EXP000883,427.67,Food,Expense 883 - Groceries,2023-10-21
EXP000884,262.12,Bills,Expense 884 - Flight,2023-08-13
EXP000885,424.69,Healthcare,Expense 885 - Movie,2023-09-04
EXP000886,267.5,Entertainment,Expense 886 - Medicine,2023-03-07
EXP000887,38.18,Transportation,Expense 887 - Books,2023-10-26
EXP000888,440.24,Transportation,Expense 888 - Groceries,2023-10-31
EXP000889,464.1,Travel,Expense 889 - Electricity,2023-04-07
EXP000890,155.29,Education,Expense 890 - Groceries,2023-02-13
EXP000891,165.92,Bills,Expense 891 - Electricity,2023-06-24
EXP000892,74.77,Entertainment,Expense 892 - Groceries,2023-12-06
EXP000893,320.17,Transportation,Expense 893 - Groceries,2023-04-02
EXP000894,82.22,Healthcare,Expense 894 - Books,2023-02-27
EXP000895,454.27,Education,Expense 895 - Groceries,2023-09-01
EXP000896,68.93,Education,Expense 896 - Electricity,2023-04-24
EXP000897,362.2,Bills,Expense 897 - Groceries,2023-10-26
EXP000898,375.41,Education,Expense 898 - Groceries,2023-03-01
EXP000899,36.66,Transportation,Expense 899 - Gas,2023-08-07
EXP000900,12.34,Entertainment,Expense 900 - Gas,2023-08-28
EXP000901,103.84,Food,Expense 901 - Electricity,2023-04-14
EXP000902,439.58,Entertainment,Expense 902 - Movie,2023-03-04
EXP000903,49.2,Education,Expense 903 - Electricity,2023-10-02
EXP000904,320.54,Food,Expense 904 - Electricity,2023-12-15
EXP000905,358.01,Travel,Expense 905 - Groceries,2023-09-19
EXP000906,10.43,Education,Expense 906 - Electricity,2023-09-13
EXP000907,19.35,Healthcare,Expense 907 - Flight,2023-01-12
EXP000908,201.27,Transportation,Expense 908 - Books,2023-07-19
EXP000909,202.33,Bills,Expense 909 - Medicine,2023-02-16
EXP000910,203.87,Education,Expense 910 - Groceries,2023-06-26
EXP000911,55.07,Bills,Expense 911 - Gas,2023-02-05
EXP000912,210.41,Food,Expense 912 - Gas,2023-02-12
EXP000913,341.84,Education,Expense 913 - Electricity,2023-03-23
EXP000914,255.37,Travel,Expense 914 - Groceries,2023-06-24
EXP000915,334.18,Entertainment,Expense 915 - Gas,2023-11-04
EXP000916,253.45,Food,Expense 916 - Electricity,2023-05-18
EXP000917,23.19,Food,Expense 917 - Books,2023-05-13
EXP000918,478.92,Shopping,Expense 918 - Groceries,2023-06-10
EXP000919,448.54,Shopping,Expense 919 - Electricity,2023-07-05
EXP000920,310.05,Food,Expense 920 - Electricity,2023-07-30
EXP000921,342.48,Shopping,Expense 921 - Gas,2023-07-28
EXP000922,126.79,Travel,Expense 922 - Lunch,2023-02-05
EXP000923,234.76,Entertainment,Expense 923 - Flight,2023-11-30
EXP000924,327.56,Education,Expense 924 - Books,2023-02-10
EXP000925,236.05,Entertainment,Expense 925 - Movie,2023-11-06
EXP000926,287.14,Travel,Expense 926 - Lunch,2023-05-29
EXP000927,454.46,Transportation,Expense 927 - Electricity,2023-03-18
EXP000928,33.04,Entertainment,Expense 928 - Lunch,2023-10-18
EXP000929,114.74,Bills,Expense 929 - Flight,2023-04-30
EXP000930,388.28,Healthcare,Expense 930 - Flight,2023-12-11
EXP000931,225.43,Shopping,Expense 931 - Lunch,2023-07-29
EXP000932,23.29,Food,Expense 932 - Movie,2023-03-31
EXP000933,238.9,Education,Expense 933 - Gas,2023-02-15
EXP000934,438.67,Healthcare,Expense 934 - Electricity,2023-08-20
EXP000935,186.13,Education,Expense 935 - Movie,2023-10-25
EXP000936,184.48,Education,Expense 936 - Medicine,2023-04-16
EXP000937,275.95,Travel,Expense 937 - Movie,2023-06-15
EXP000938,175.55,Education,Expense 938 - Books,2023-01-08
EXP000939,179.44,Entertainment,Expense 939 - Lunch,2023-07-02
EXP000940,242.9,Shopping,Expense 940 - Medicine,2023-06-04
EXP000941,253.03,Education,Expense 941 - Movie,2023-03-03
EXP000942,43.43,Entertainment,Expense 942 - Medicine,2023-11-11
EXP000943,370.19,Food,Expense 943 - Books,2023-02-18
EXP000944,199.09,Bills,Expense 944 - Gas,2023-05-28
EXP000945,179.13,Healthcare,Expense 945 - Gas,2023-03-09
EXP000946,474.27,Education,Expense 946 - Movie,2023-08-18
EXP000947,198.59,Healthcare,Expense 947 - Movie,2023-02-04
EXP000948,332.95,Travel,Expense 948 - Movie,2023-08-15
EXP000949,294.06,Travel,Expense 949 - Flight,2023-03-07
EXP000950,255.38,Travel,Expense 950 - Flight,2023-06-04
EXP000951,441.0,Travel,Expense 951 - Flight,2023-04-07
EXP000952,275.52,Travel,Expense 952 - Flight,2023-07-09
EXP000953,62.89,Education,Expense 953 - Movie,2023-03-02
EXP000954,294.52,Education,Expense 954 - Books,2023-10-07
EXP000955,104.64,Food,Expense 955 - Movie,2023-09-19
EXP000956,152.4,Entertainment,Expense 956 - Movie,2023-09-23
EXP000957,461.37,Education,Expense 957 - Books,2023-01-28
EXP000958,290.26,Entertainment,Expense 958 - Medicine,2023-03-09
EXP000959,230.91,Shopping,Expense 959 - Groceries,2023-09-22
EXP000960,170.82,Transportation,Expense 960 - Books,2023-04-20
EXP000961,55.14,Shopping,Expense 961 - Books,2023-01-21
EXP000962,157.1,Education,Expense 962 - Groceries,2023-07-30
EXP000963,308.87,Education,Expense 963 - Movie,2023-03-05
EXP000964,403.81,Healthcare,Expense 964 - Medicine,2023-03-29
EXP000965,182.63,Education,Expense 965 - Books,2023-10-30
EXP000966,58.33,Bills,Expense 966 - Movie,2023-06-03
EXP000967,139.73,Bills,Expense 967 - Medicine,2023-09-08
EXP000968,105.69,Shopping,Expense 968 - Movie,2023-12-31
EXP000969,363.48,Entertainment,Expense 969 - Lunch,2023-10-15
EXP000970,288.48,Entertainment,Expense 970 - Gas,2023-08-05
EXP000971,294.95,Transportation,Expense 971 - Flight,2023-01-14
EXP000972,184.34,Shopping,Expense 972 - Groceries,2023-08-28
EXP000973,91.69,Healthcare,Expense 973 - Movie,2023-06-16
EXP000974,94.64,Shopping,Expense 974 - Movie,2023-08-04
EXP000975,217.05,Travel,Expense 975 - Books,2023-07-24
EXP000976,156.19,Food,Expense 976 - Lunch,2023-02-09
EXP000977,115.4,Shopping,Expense 977 - Movie,2023-05-27
EXP000978,229.63,Bills,Expense 978 - Books,2023-11-03
EXP000979,63.97,Transportation,Expense 979 - Lunch,2023-12-10
EXP000980,447.56,Entertainment,Expense 980 - Gas,2023-05-25
EXP000981,51.77,Entertainment,Expense 981 - Electricity,2023-01-29
EXP000982,90.02,Entertainment,Expense 982 - Movie,2023-08-26
EXP000983,104.83,Entertainment,Expense 983 - Flight,2023-03-08
EXP000984,226.12,Entertainment,Expense 984 - Lunch,2023-03-08
EXP000985,78.29,Bills,Expense 985 - Movie,2023-02-18
EXP000986,145.92,Entertainment,Expense 986 - Medicine,2023-06-07
EXP000987,120.52,Transportation,Expense 987 - Medicine,2023-10-21
EXP000988,61.2,Education,Expense 988 - Electricity,2023-02-11
EXP000989,62.57,Bills,Expense 989 - Medicine,2023-02-27
EXP000990,393.25,Travel,Expense 990 - Medicine,2023-06-11
EXP000991,260.09,Healthcare,Expense 991 - Lunch,2023-02-26
EXP000992,327.56,Transportation,Expense 992 - Groceries,2023-06-20
EXP000993,229.17,Bills,Expense 993 - Groceries,2023-02-28
EXP000994,52.57,Shopping,Expense 994 - Lunch,2023-01-09
EXP000995,222.72,Travel,Expense 995 - Gas,2023-09-29
EXP000996,419.7,Food,Expense 996 - Movie,2023-04-07
EXP000997,349.29,Shopping,Expense 997 - Movie,2023-06-23
EXP000998,457.58,Travel,Expense 998 - Groceries,2023-07-29
EXP000999,316.16,Shopping,Expense 999 - Medicine,2023-11-07
